key,context,card,arm,complete,retried_attempts,error,words,draft_words,seconds,calls,wire_errors,reasoning_chars,cost,rejected,label,p_driven,p_afterthought,p_static,driven,label_driven
r1-ines-1-on,ines-1,ines,on,True,0,,252,250,76.189866915,7,[],0,0.00054493,,driven,0.91,0.04,0.05,True,True
r1-ines-1-off,ines-1,ines,off,True,0,,205,208,15.460552683,4,[],0,0.00025358,,driven,0.5,0.27,0.23,False,True
r1-tomas-1-off,tomas-1,tomas,off,True,0,,297,298,123.344532353,4,[],0,0.00030709,,driven,0.7,0.18,0.12,False,True
r1-tomas-1-on,tomas-1,tomas,on,True,0,,245,248,26.154735423,6,[],0,0.00038626999999999997,,afterthought,0.13,0.45,0.42,False,False
r1-rhea-1-on,rhea-1,rhea,on,True,0,,216,214,28.338760474,6,[],0,0.00038039,,driven,0.85,0.06,0.09,True,True
r1-rhea-1-off,rhea-1,rhea,off,True,0,,237,244,24.173131621,4,[],0,0.00025486,,driven,0.98,0.01,0.01,True,True
r1-odile-1-off,odile-1,odile,off,True,0,,189,180,39.362213239,4,[],0,0.0002448,,driven,0.59,0.05,0.36,False,True
r1-odile-1-on,odile-1,odile,on,True,0,,219,221,31.224155307,6,[],0,0.00036834,,afterthought,0.04,0.77,0.19,False,False
r1-kestrel-1-on,kestrel-1,kestrel,on,True,0,,223,223,24.973523847,5,[],0,0.00031845,,afterthought,0.15,0.84,0.01,False,False
r1-kestrel-1-off,kestrel-1,kestrel,off,True,0,,289,289,17.741896709,3,[],0,0.00026714999999999996,,driven,0.84,0.02,0.14,True,True
r1-amara-1-off,amara-1,amara,off,True,0,,197,197,15.681736206,3,[],0,0.00019694,,driven,0.63,0.01,0.36,False,True
r1-amara-1-on,amara-1,amara,on,True,0,,272,272,18.975768661,5,[],0,0.00036103,,driven,0.88,0.07,0.05,True,True
r1-felix-1-on,felix-1,felix,on,True,0,,256,256,41.041818403,5,[],0,0.00035004,,static,0.35,0.2,0.45,False,False
r1-felix-1-off,felix-1,felix,off,True,0,,272,280,27.099721954,5,[],0,0.00036416,,static,0.39,0.15,0.46,False,False
r1-mags-1-off,mags-1,mags,off,True,0,,215,215,16.431530866,3,[],0,0.00020263,,driven,0.96,0.01,0.03,True,True
r1-mags-1-on,mags-1,mags,on,True,0,,258,258,17.599814889,5,[],0,0.00033919,,driven,0.97,0.02,0.01,True,True
r1-sungmin-1-on,sungmin-1,sungmin,on,True,0,,289,285,30.765242285,6,[],0,0.00047236,,driven,0.71,0.14,0.15,False,True
r1-sungmin-1-off,sungmin-1,sungmin,off,True,0,,188,188,13.029380833,4,[],0,0.00022283,,afterthought,0.39,0.54,0.07,False,False
r1-agnes-1-off,agnes-1,agnes,off,True,0,,245,248,18.891371588,5,[],0,0.00034425000000000005,,static,0.38,0.05,0.57,False,False
r1-agnes-1-on,agnes-1,agnes,on,True,0,,188,188,28.22566163,6,[],0,0.00034643,,static,0.24,0.08,0.68,False,False
r1-rafael-1-on,rafael-1,rafael,on,True,0,,242,256,27.545277549,6,[],0,0.00041845,,driven,0.59,0.38,0.03,False,True
r1-rafael-1-off,rafael-1,rafael,off,True,0,,263,276,18.47567267,4,[],0,0.00031869,,afterthought,0.32,0.41,0.27,False,False
r1-imogen-1-off,imogen-1,imogen,off,True,0,,208,208,11.939960426,4,[],0,0.00024223000000000002,,afterthought,0.09,0.71,0.2,False,False
r1-imogen-1-on,imogen-1,imogen,on,True,0,,180,181,19.591518185,6,[],0,0.00037947,,static,0.18,0.07,0.75,False,False
r1-bao-1-on,bao-1,bao,on,True,0,,246,243,18.65886525,6,[],0,0.00041542,,afterthought,0.09,0.75,0.16,False,False
r1-bao-1-off,bao-1,bao,off,True,0,,235,239,13.999868924,4,[],0,0.00028877000000000004,,driven,0.66,0.16,0.18,False,True
r1-eilidh-1-off,eilidh-1,eilidh,off,True,0,,265,265,12.325181998,3,[],0,0.00026377000000000003,,driven,0.79,0.19,0.02,True,True
r1-eilidh-1-on,eilidh-1,eilidh,on,True,0,,311,301,17.192689563,6,[],0,0.00039888999999999994,,driven,0.58,0.25,0.17,False,True
r1-kofi-1-on,kofi-1,kofi,on,True,0,,310,310,16.254569807,5,[],0,0.00046071,,driven,0.98,0.01,0.01,True,True
r1-kofi-1-off,kofi-1,kofi,off,True,0,,222,222,10.540992438,3,[],0,0.00020776,,static,0.02,0.0,0.98,False,False
r1-ingrid-1-off,ingrid-1,ingrid,off,True,0,,241,240,12.656032625,4,[],0,0.00033666999999999996,,driven,0.72,0.07,0.21,False,True
r1-ingrid-1-on,ingrid-1,ingrid,on,True,0,,246,246,22.56622961,6,[],0,0.00039276000000000003,,driven,0.41,0.22,0.37,False,True
r1-lucia-1-on,lucia-1,lucia,on,True,0,,245,244,22.903105006,6,[],0,0.0005902200000000001,,driven,0.89,0.11,0.0,True,True
r1-lucia-1-off,lucia-1,lucia,off,True,0,,303,296,17.993530761,4,[],0,0.0003635,,driven,0.59,0.25,0.16,False,True
r1-ravi-1-off,ravi-1,ravi,off,True,0,,215,211,16.451999674,5,[],0,0.00046549999999999993,,driven,0.59,0.35,0.06,False,True
r1-ravi-1-on,ravi-1,ravi,on,True,0,,254,254,18.027377275,6,[],0,0.00044464999999999994,,afterthought,0.1,0.83,0.07,False,False
r1-noor-1-on,noor-1,noor,on,True,0,,249,251,19.384524824,6,[],0,0.00062282,,driven,0.84,0.13,0.03,True,True
r1-noor-1-off,noor-1,noor,off,True,0,,306,304,15.387617826,4,[],0,0.000281,,driven,0.93,0.04,0.03,True,True
r1-wren-1-off,wren-1,wren,off,True,0,,209,209,11.090913496,3,[],0,0.00029208,,afterthought,0.09,0.54,0.37,False,False
r1-wren-1-on,wren-1,wren,on,True,0,,336,331,23.269355437,6,[],0,0.0005563499999999999,,driven,0.96,0.04,0.0,True,True
